{
  "madar.test.nil.1.eg.ar|reverse": [
    0.9028396010398865
  ],
  "madar.test.mgr.1.ly.ar|reverse": [
    0.932971715927124
  ],
  "madar.dev.mgr.0.ma.ar|reverse": [
    0.4841720759868622
  ],
  "madar.test.lev.0.lb.ar|reverse": [
    0.958917498588562
  ],
  "madar.test.nil.2.eg.ar|reverse": [
    0.9360225796699524
  ],
  "madar.test.lev.0.pa.ar|reverse": [
    0.9104602336883545
  ],
  "madar.test.glf.1.sa.ar|reverse": [
    0.9849895238876343
  ],
  "madar.test.glf.0.iq.ar|reverse": [
    0.961529552936554
  ],
  "madar.test.lev.1.sy.ar|reverse": [
    0.9267224073410034
  ],
  "madar.test.mgr.0.ly.ar|reverse": [
    0.8447374105453491
  ],
  "madar.test.mgr.0.dz.ar|reverse": [
    0.7236129641532898
  ],
  "madar.test.mgr.0.tn.ar|reverse": [
    1.0
  ],
  "madar.test.nil.0.sd.ar|reverse": [
    1.0
  ],
  "madar.dev.glf.0.qa.ar|reverse": [
    0.9225790500640869
  ],
  "madar.dev.msa.0.ms.ar|reverse": [
    0.9803695678710938
  ],
  "bible.test.msa.0.ms.ar|reverse": [
    1.0
  ],
  "madar.test.glf.0.ye.ar|reverse": [
    0.977053165435791
  ],
  "QAraC.dev.glf.0.qa.ar|reverse": [
    1.0
  ],
  "madar.test.glf.0.qa.ar|reverse": [
    0.993732213973999
  ],
  "madar.test.mgr.1.tn.ar|reverse": [
    0.9388366341590881
  ],
  "bible.dev.mgr.0.ma.ar|reverse": [
    0.9901435375213623
  ],
  "madar.test.glf.0.sa.ar|reverse": [
    1.0
  ],
  "madar.test.lev.1.jo.ar|reverse": [
    0.6834283471107483
  ],
  "madar.test.lev.0.sy.ar|reverse": [
    0.8997546434402466
  ],
  "madar.dev.nil.0.eg.ar|reverse": [
    0.8205997943878174
  ],
  "madar.test.mgr.0.ma.ar|reverse": [
    0.9300686120986938
  ],
  "madar.test.glf.0.om.ar|reverse": [
    0.9557934403419495
  ],
  "madar.test.lev.0.jo.ar|reverse": [
    0.8825950026512146
  ],
  "madar.dev.mgr.0.tn.ar|reverse": [
    0.6224902868270874
  ],
  "madar.test.mgr.1.ma.ar|reverse": [
    0.9250547885894775
  ],
  "bible.test.msa.1.ms.ar|reverse": [
    1.0
  ],
  "madar.test.msa.0.ms.ar|reverse": [
    0.9970417022705078
  ],
  "madar.test.glf.1.iq.ar|reverse": [
    0.9063057899475098
  ],
  "bible.test.mgr.0.tn.ar|reverse": [
    0.9685825705528259
  ],
  "bible.dev.mgr.0.tn.ar|reverse": [
    1.0
  ],
  "bible.dev.msa.0.ms.ar|reverse": [
    1.0
  ],
  "madar.test.nil.0.eg.ar|reverse": [
    0.854385495185852
  ],
  "QAraC.test.glf.0.qa.ar|reverse": [
    0.973848819732666
  ],
  "bible.dev.msa.1.ms.ar|reverse": [
    1.0
  ],
  "madar.test.glf.2.iq.ar|reverse": [
    0.9246734976768494
  ],
  "bible.test.mgr.0.ma.ar|reverse": [
    0.9210434556007385
  ],
  "madar.dev.lev.0.lb.ar|reverse": [
    0.7821705341339111
  ]
}