{
  "madar.test.nil.1.eg.ar|reverse": [
    0.679759681224823
  ],
  "madar.test.mgr.1.ly.ar|reverse": [
    0.5678234100341797
  ],
  "madar.dev.mgr.0.ma.ar|reverse": [
    0.2631983757019043
  ],
  "madar.test.lev.0.lb.ar|reverse": [
    0.7848753929138184
  ],
  "madar.test.nil.2.eg.ar|reverse": [
    0.7207923531532288
  ],
  "madar.test.lev.0.pa.ar|reverse": [
    0.6066958904266357
  ],
  "madar.test.glf.1.sa.ar|reverse": [
    0.8234882354736328
  ],
  "madar.test.glf.0.iq.ar|reverse": [
    0.6709386110305786
  ],
  "madar.test.lev.1.sy.ar|reverse": [
    0.7030012011528015
  ],
  "madar.test.mgr.0.ly.ar|reverse": [
    0.603034257888794
  ],
  "madar.test.mgr.0.dz.ar|reverse": [
    0.6064472198486328
  ],
  "madar.test.mgr.0.tn.ar|reverse": [
    0.9057740569114685
  ],
  "madar.test.nil.0.sd.ar|reverse": [
    0.8354126214981079
  ],
  "madar.dev.glf.0.qa.ar|reverse": [
    0.7218064665794373
  ],
  "madar.dev.msa.0.ms.ar|reverse": [
    0.7859669923782349
  ],
  "bible.test.msa.0.ms.ar|reverse": [
    0.8108576536178589
  ],
  "madar.test.glf.0.ye.ar|reverse": [
    0.8645110130310059
  ],
  "QAraC.dev.glf.0.qa.ar|reverse": [
    0.8636531829833984
  ],
  "madar.test.glf.0.qa.ar|reverse": [
    0.8548040390014648
  ],
  "madar.test.mgr.1.tn.ar|reverse": [
    0.6380230188369751
  ],
  "bible.dev.mgr.0.ma.ar|reverse": [
    0.640905499458313
  ],
  "madar.test.glf.0.sa.ar|reverse": [
    0.9362555742263794
  ],
  "madar.test.lev.1.jo.ar|reverse": [
    0.5746040344238281
  ],
  "madar.test.lev.0.sy.ar|reverse": [
    0.6244960427284241
  ],
  "madar.dev.nil.0.eg.ar|reverse": [
    0.6074846982955933
  ],
  "madar.test.mgr.0.ma.ar|reverse": [
    0.7058472633361816
  ],
  "madar.test.glf.0.om.ar|reverse": [
    0.7712273597717285
  ],
  "madar.test.lev.0.jo.ar|reverse": [
    0.4861120879650116
  ],
  "madar.dev.mgr.0.tn.ar|reverse": [
    0.3535240888595581
  ],
  "madar.test.mgr.1.ma.ar|reverse": [
    0.6197914481163025
  ],
  "bible.test.msa.1.ms.ar|reverse": [
    0.780597448348999
  ],
  "madar.test.msa.0.ms.ar|reverse": [
    0.9495954513549805
  ],
  "madar.test.glf.1.iq.ar|reverse": [
    0.7296591997146606
  ],
  "bible.test.mgr.0.tn.ar|reverse": [
    0.5461448431015015
  ],
  "bible.dev.mgr.0.tn.ar|reverse": [
    0.9475851058959961
  ],
  "bible.dev.msa.0.ms.ar|reverse": [
    0.9763141870498657
  ],
  "madar.test.nil.0.eg.ar|reverse": [
    0.5410162210464478
  ],
  "QAraC.test.glf.0.qa.ar|reverse": [
    0.8216246366500854
  ],
  "bible.dev.msa.1.ms.ar|reverse": [
    0.9978052377700806
  ],
  "madar.test.glf.2.iq.ar|reverse": [
    0.6845360398292542
  ],
  "bible.test.mgr.0.ma.ar|reverse": [
    0.4958299696445465
  ],
  "madar.dev.lev.0.lb.ar|reverse": [
    0.4129524230957031
  ]
}