{
  "madar.test.nil.1.eg.ar|reverse": [
    0.5119889974594116
  ],
  "madar.test.mgr.1.ly.ar|reverse": [
    0.25802892446517944
  ],
  "madar.dev.mgr.0.ma.ar|reverse": [
    0.22814491391181946
  ],
  "madar.test.lev.0.lb.ar|reverse": [
    0.8453161716461182
  ],
  "madar.test.nil.2.eg.ar|reverse": [
    0.30176299810409546
  ],
  "madar.test.lev.0.pa.ar|reverse": [
    0.3074227571487427
  ],
  "madar.test.glf.1.sa.ar|reverse": [
    0.6602402925491333
  ],
  "madar.test.glf.0.iq.ar|reverse": [
    0.5630836486816406
  ],
  "madar.test.lev.1.sy.ar|reverse": [
    0.5943305492401123
  ],
  "madar.test.mgr.0.ly.ar|reverse": [
    0.3665027320384979
  ],
  "madar.test.mgr.0.dz.ar|reverse": [
    0.32056406140327454
  ],
  "madar.test.mgr.0.tn.ar|reverse": [
    0.9083495140075684
  ],
  "madar.test.nil.0.sd.ar|reverse": [
    0.7050509452819824
  ],
  "madar.dev.glf.0.qa.ar|reverse": [
    0.5225629210472107
  ],
  "madar.dev.msa.0.ms.ar|reverse": [
    0.3127623200416565
  ],
  "bible.test.msa.0.ms.ar|reverse": [
    1.0
  ],
  "madar.test.glf.0.ye.ar|reverse": [
    0.754907488822937
  ],
  "QAraC.dev.glf.0.qa.ar|reverse": [
    0.9407519102096558
  ],
  "madar.test.glf.0.qa.ar|reverse": [
    0.9069396257400513
  ],
  "madar.test.mgr.1.tn.ar|reverse": [
    0.27852490544319153
  ],
  "bible.dev.mgr.0.ma.ar|reverse": [
    0.46549728512763977
  ],
  "madar.test.glf.0.sa.ar|reverse": [
    0.7663283348083496
  ],
  "madar.test.lev.1.jo.ar|reverse": [
    0.22481343150138855
  ],
  "madar.test.lev.0.sy.ar|reverse": [
    0.3098819851875305
  ],
  "madar.dev.nil.0.eg.ar|reverse": [
    0.21385234594345093
  ],
  "madar.test.mgr.0.ma.ar|reverse": [
    0.7366031408309937
  ],
  "madar.test.glf.0.om.ar|reverse": [
    0.7910619974136353
  ],
  "madar.test.lev.0.jo.ar|reverse": [
    0.6229956150054932
  ],
  "madar.dev.mgr.0.tn.ar|reverse": [
    0.21294818818569183
  ],
  "madar.test.mgr.1.ma.ar|reverse": [
    0.30698925256729126
  ],
  "bible.test.msa.1.ms.ar|reverse": [
    0.9177463054656982
  ],
  "madar.test.msa.0.ms.ar|reverse": [
    0.7638100385665894
  ],
  "madar.test.glf.1.iq.ar|reverse": [
    0.6109687089920044
  ],
  "bible.test.mgr.0.tn.ar|reverse": [
    0.26380977034568787
  ],
  "bible.dev.mgr.0.tn.ar|reverse": [
    0.569463312625885
  ],
  "bible.dev.msa.0.ms.ar|reverse": [
    0.7705527544021606
  ],
  "madar.test.nil.0.eg.ar|reverse": [
    0.2762240767478943
  ],
  "QAraC.test.glf.0.qa.ar|reverse": [
    0.8679606914520264
  ],
  "bible.dev.msa.1.ms.ar|reverse": [
    0.997899055480957
  ],
  "madar.test.glf.2.iq.ar|reverse": [
    0.4187372922897339
  ],
  "bible.test.mgr.0.ma.ar|reverse": [
    0.5538144111633301
  ],
  "madar.dev.lev.0.lb.ar|reverse": [
    0.2134084701538086
  ]
}